{"cameraMode":{"drawMode":0,"name":"Shaded","section":"Shading Mode"},"sceneLighting":true,"audioPlay":false,"sceneViewState":{"showFog":true,"showMaterialUpdate":false,"showSkybox":true,"showFlares":true,"showImageEffects":true,"showParticleSystems":true},"in2DMode":false,"pivot":{"x":-25.871395111083986,"y":8.742361068725586,"z":-18.080066680908204},"rotation":{"x":0.44631367921829226,"y":0.13334502279758454,"z":-0.06745505332946778,"w":0.8823220729827881},"size":19.560951232910158,"orthographic":false}