{"cameraMode":{"drawMode":0,"name":"Shaded","section":"Shading Mode"},"sceneLighting":true,"audioPlay":false,"sceneViewState":{"showFog":true,"showMaterialUpdate":false,"showSkybox":true,"showFlares":true,"showImageEffects":true,"showParticleSystems":true},"in2DMode":false,"pivot":{"x":-21.62718963623047,"y":13.223758697509766,"z":-21.8051815032959},"rotation":{"x":0.34369155764579775,"y":-0.6432188153266907,"z":0.5577030777931213,"w":0.3963926136493683},"size":17.71903419494629,"orthographic":false}